id	camera_l	disp	qw	qx	qy	qz	tx	ty	tz
0	2021-04-23_10-50-17_S2223314_DxO_res.jpg	../depth_maps/2021-04-23_10-50-17_S2223314_DxO_res_depth_res.tiff	0.9916335904634681	0.03606814491131384	0.03532256430512111	0.118803314928911	498436.821	4379060.558	178.32
1	2021-04-23_10-50-19_S2223314_DxO_res.jpg	../depth_maps/2021-04-23_10-50-19_S2223314_DxO_res_depth_res.tiff	0.9646495277800479	0.005584459493099773	0.09041379902271332	0.2474781754259978	498441.084	4379051.678	181.234
2	2021-04-23_10-50-21_S2223314_DxO_res.jpg	../depth_maps/2021-04-23_10-50-21_S2223314_DxO_res_depth_res.tiff	0.9434142396393742	0.01091577570569123	0.06143918285338856	0.3256925622373226	498447.945	4379043.122	184.83
3	2021-04-23_10-50-23_S2223314_DxO_res.jpg	../depth_maps/2021-04-23_10-50-23_S2223314_DxO_res_depth_res.tiff	0.924657822433931	-0.00381332004431386	0.07157338681133026	0.37399280782166944	498455.551	4379034.531	188.651
4	2021-04-23_10-50-25_S2223314_DxO_res.jpg	../depth_maps/2021-04-23_10-50-25_S2223314_DxO_res_depth_res.tiff	0.9206995830260244	0.011975327944173508	0.060251389196302116	0.38540710869968353	498464.146	4379026.294	192.58
5	2021-04-23_10-50-27_S2223314_DxO_res.jpg	../depth_maps/2021-04-23_10-50-27_S2223314_DxO_res_depth_res.tiff	0.9171684659085001	0.008482767311292813	0.05317447927346932	0.3948449348235156	498473.101	4379017.893	196.558
6	2021-04-23_10-50-29_S2223314_DxO_res.jpg	../depth_maps/2021-04-23_10-50-29_S2223314_DxO_res_depth_res.tiff	0.9155051139743982	0.0006060015997580576	0.057872758116368994	0.3981215428946161	498482.155	4379009.517	200.38
7	2021-04-23_10-50-31_S2223314_DxO_res.jpg	../depth_maps/2021-04-23_10-50-31_S2223314_DxO_res_depth_res.tiff	0.914144822833873	0.002397473983323198	0.057674488749152215	0.4012569605029297	498491.342	4379001.087	204.075
8	2021-04-23_10-50-33_S2223314_DxO_res.jpg	../depth_maps/2021-04-23_10-50-33_S2223314_DxO_res_depth_res.tiff	0.914461127971372	0.007865445087716149	0.04898823255972272	0.401620633525685	498500.814	4378992.644	207.423
9	2021-04-23_10-50-35_S2223314_DxO_res.jpg	../depth_maps/2021-04-23_10-50-35_S2223314_DxO_res_depth_res.tiff	0.9158232062883753	0.014932324528002174	0.05195421922604666	0.3979266761760038	498510.286	4378984.32	208.991
10	2021-04-23_10-50-37_S2223314_DxO_res.jpg	../depth_maps/2021-04-23_10-50-37_S2223314_DxO_res_depth_res.tiff	0.9152135370523866	0.006298858594763628	0.06316273447634833	0.39793840597501173	498519.691	4378975.912	209.837
11	2021-04-23_10-50-39_S2223314_DxO_res.jpg	../depth_maps/2021-04-23_10-50-39_S2223314_DxO_res_depth_res.tiff	0.9156901793358272	0.013280982352606194	0.058961000894558434	0.39731437344901366	498529.331	4378967.349	210.768
12	2021-04-23_10-50-41_S2223314_DxO_res.jpg	../depth_maps/2021-04-23_10-50-41_S2223314_DxO_res_depth_res.tiff	0.9166616359635829	0.00354261654000646	0.042025447056119436	0.3974327072855876	498539.016	4378958.631	211.598
13	2021-04-23_10-50-43_S2223314_DxO_res.jpg	../depth_maps/2021-04-23_10-50-43_S2223314_DxO_res_depth_res.tiff	0.9157577779816104	0.011178069943967944	0.06619818039726687	0.3960814862255016	498548.516	4378950.092	212.557
14	2021-04-23_10-50-45_S2223314_DxO_res.jpg	../depth_maps/2021-04-23_10-50-45_S2223314_DxO_res_depth_res.tiff	0.9167183012515304	0.0056082013738470125	0.05171438575386863	0.3961334706055003	498558.272	4378941.559	213.468
15	2021-04-23_10-50-47_S2223314_DxO_res.jpg	../depth_maps/2021-04-23_10-50-47_S2223314_DxO_res_depth_res.tiff	0.9188407221341809	0.013656235176198067	0.041144838701818814	0.39224015199485995	498568.008	4378932.967	214.482
16	2021-04-23_10-50-49_S2223314_DxO_res.jpg	../depth_maps/2021-04-23_10-50-49_S2223314_DxO_res_depth_res.tiff	0.9180249909016206	0.014163912557893333	0.059674937804619604	0.39175043262151793	498577.651	4378924.249	215.307
17	2021-04-23_10-50-51_S2223314_DxO_res.jpg	../depth_maps/2021-04-23_10-50-51_S2223314_DxO_res_depth_res.tiff	0.9195434853149713	0.01648776853167292	0.056550544511883946	0.38854854010670337	498587.409	4378915.845	216.033
18	2021-04-23_10-50-53_S2223314_DxO_res.jpg	../depth_maps/2021-04-23_10-50-53_S2223314_DxO_res_depth_res.tiff	0.9187675851722689	0.008649356875934178	0.04007605928874918	0.39266426185003783	498597.208	4378907.06	216.754
19	2021-04-23_10-50-55_S2223314_DxO_res.jpg	../depth_maps/2021-04-23_10-50-55_S2223314_DxO_res_depth_res.tiff	0.9212762116481513	0.02519661997740348	0.058389466217684746	0.3836742660483744	498606.86	4378898.6	217.494
20	2021-04-23_10-50-57_S2223314_DxO_res.jpg	../depth_maps/2021-04-23_10-50-57_S2223314_DxO_res_depth_res.tiff	0.9179807858526404	0.003321066577111762	0.0641985992723839	0.3913806167576813	498616.271	4378889.962	218.202
21	2021-04-23_10-50-59_S2223314_DxO_res.jpg	../depth_maps/2021-04-23_10-50-59_S2223314_DxO_res_depth_res.tiff	0.9190699319096809	0.014542466303636533	0.05366425247713004	0.3901526943895338	498625.894	4378881.329	218.884
22	2021-04-23_10-51-01_S2223314_DxO_res.jpg	../depth_maps/2021-04-23_10-51-01_S2223314_DxO_res_depth_res.tiff	0.9175475161398504	0.00793157858702364	0.05093995354487662	0.3942699161989851	498635.541	4378872.648	219.654
23	2021-04-23_10-51-03_S2223314_DxO_res.jpg	../depth_maps/2021-04-23_10-51-03_S2223314_DxO_res_depth_res.tiff	0.9163027648065836	0.0003417134802407504	0.0539458799259471	0.3968361985488768	498645.25	4378864.014	220.385
24	2021-04-23_10-51-05_S2223314_DxO_res.jpg	../depth_maps/2021-04-23_10-51-05_S2223314_DxO_res_depth_res.tiff	0.9160907603193977	-0.006752226200567927	0.05717619757162954	0.39681608930336265	498654.828	4378855.486	220.618
25	2021-04-23_10-51-07_S2223314_DxO_res.jpg	../depth_maps/2021-04-23_10-51-07_S2223314_DxO_res_depth_res.tiff	0.9160368986561521	0.002193772588340196	0.05985167611192398	0.3965972321245349	498664.418	4378847.066	220.426
26	2021-04-23_10-51-09_S2223314_DxO_res.jpg	../depth_maps/2021-04-23_10-51-09_S2223314_DxO_res_depth_res.tiff	0.9180793756549892	-0.0035746041593535255	0.06528360549515866	0.39096743221859487	498673.974	4378838.611	220.106
27	2021-04-23_10-51-11_S2223314_DxO_res.jpg	../depth_maps/2021-04-23_10-51-11_S2223314_DxO_res_depth_res.tiff	0.9196191288511798	-0.00564642725608637	0.06953473805660698	0.38656654784608285	498683.606	4378830.036	219.648
28	2021-04-23_10-51-13_S2223314_DxO_res.jpg	../depth_maps/2021-04-23_10-51-13_S2223314_DxO_res_depth_res.tiff	0.9158454749537741	-0.018128206698598853	0.06207411742321504	0.3962893363121415	498693.247	4378821.272	219.281
29	2021-04-23_10-51-15_S2223314_DxO_res.jpg	../depth_maps/2021-04-23_10-51-15_S2223314_DxO_res_depth_res.tiff	0.920713751794611	-0.0035577845564853036	0.05567776548517991	0.3862298743700678	498703.007	4378813.107	218.872
30	2021-04-23_10-51-17_S2223314_DxO_res.jpg	../depth_maps/2021-04-23_10-51-17_S2223314_DxO_res_depth_res.tiff	0.9199960876869568	-0.004640087548969062	0.05462548857664362	0.38807437975985254	498712.682	4378804.627	218.465
31	2021-04-23_10-51-19_S2223314_DxO_res.jpg	../depth_maps/2021-04-23_10-51-19_S2223314_DxO_res_depth_res.tiff	0.9233986552072515	0.022625893363274273	0.05248141346271347	0.37956382039376346	498722.462	4378796.185	218.138
32	2021-04-23_10-56-59_S2223314_DxO_res.jpg	../depth_maps/2021-04-23_10-56-59_S2223314_DxO_res_depth_res.tiff	0.9127438443499893	0.03273253073263674	0.025793477488077348	-0.4064012211498769	498430.577	4379211.378	207.307
33	2021-04-23_10-57-01_S2223314_DxO_res.jpg	../depth_maps/2021-04-23_10-57-01_S2223314_DxO_res_depth_res.tiff	0.9751947852859605	0.017555036609691436	0.1100179197926144	-0.19126685223845677	498426.167	4379205.102	207.614
34	2021-04-23_10-57-03_S2223314_DxO_res.jpg	../depth_maps/2021-04-23_10-57-03_S2223314_DxO_res_depth_res.tiff	0.9755055801267165	0.018230879229225002	0.08375524283766665	0.20258716020856563	498427.912	4379200.307	207.427
35	2021-04-23_10-57-05_S2223314_DxO_res.jpg	../depth_maps/2021-04-23_10-57-05_S2223314_DxO_res_depth_res.tiff	0.9342453735044681	0.011866258484295494	0.06487918493805572	0.3504789085763283	498433.24	4379194.211	207.031
36	2021-04-23_10-57-07_S2223314_DxO_res.jpg	../depth_maps/2021-04-23_10-57-07_S2223314_DxO_res_depth_res.tiff	0.9173331001035967	-0.001142005346054971	0.06392506662586245	0.39295326075119036	498440.186	4379187.291	206.727
37	2021-04-23_10-57-09_S2223314_DxO_res.jpg	../depth_maps/2021-04-23_10-57-09_S2223314_DxO_res_depth_res.tiff	0.9147944506126606	0.008761668021281897	0.06001766951367896	0.3993397371260617	498448.174	4379180.116	206.473
38	2021-04-23_10-57-11_S2223314_DxO_res.jpg	../depth_maps/2021-04-23_10-57-11_S2223314_DxO_res_depth_res.tiff	0.9112872394274417	0.008122149703863876	0.06429909094567106	0.4066389367048623	498456.543	4379172.602	206.35
39	2021-04-23_10-57-13_S2223314_DxO_res.jpg	../depth_maps/2021-04-23_10-57-13_S2223314_DxO_res_depth_res.tiff	0.9116950674634016	0.0035510534671316374	0.05891968702755252	0.4066054161748863	498465.516	4379164.611	206.17
40	2021-04-23_10-57-15_S2223314_DxO_res.jpg	../depth_maps/2021-04-23_10-57-15_S2223314_DxO_res_depth_res.tiff	0.9118317276267753	0.01128846903559318	0.0597360121711488	0.40603827382389823	498474.639	4379156.469	206.015
41	2021-04-23_10-57-17_S2223314_DxO_res.jpg	../depth_maps/2021-04-23_10-57-17_S2223314_DxO_res_depth_res.tiff	0.9126289740132312	0.0017907756302143925	0.04860341112470418	0.4058852760833316	498483.952	4379148.076	206.006
42	2021-04-23_10-57-19_S2223314_DxO_res.jpg	../depth_maps/2021-04-23_10-57-19_S2223314_DxO_res_depth_res.tiff	0.9117430378901055	0.021417231578761513	0.06259923872136232	0.4053976694086057	498493.351	4379139.946	206.719
43	2021-04-23_10-57-21_S2223314_DxO_res.jpg	../depth_maps/2021-04-23_10-57-21_S2223314_DxO_res_depth_res.tiff	0.9115289708418312	0.009863921442797841	0.0714011106974374	0.4048697565402666	498502.613	4379131.609	207.554
44	2021-04-23_10-57-23_S2223314_DxO_res.jpg	../depth_maps/2021-04-23_10-57-23_S2223314_DxO_res_depth_res.tiff	0.9099713409445666	0.0051029959796848635	0.06058408612379906	0.41018981776748553	498512.068	4379122.991	208.344
45	2021-04-23_10-57-25_S2223314_DxO_res.jpg	../depth_maps/2021-04-23_10-57-25_S2223314_DxO_res_depth_res.tiff	0.9125401227305759	0.007564589825561501	0.04941389178572294	0.40592064333589334	498521.946	4379114.379	209.077
46	2021-04-23_10-57-27_S2223314_DxO_res.jpg	../depth_maps/2021-04-23_10-57-27_S2223314_DxO_res_depth_res.tiff	0.9117687566115159	0.012657667031013415	0.05747900331997649	0.40646485962474593	498531.504	4379106.012	209.959
47	2021-04-23_10-57-29_S2223314_DxO_res.jpg	../depth_maps/2021-04-23_10-57-29_S2223314_DxO_res_depth_res.tiff	0.9149317606300892	0.02861696900577903	0.03030360910431777	0.40145066166404575	498541.339	4379097.227	210.826
48	2021-04-23_10-57-31_S2223314_DxO_res.jpg	../depth_maps/2021-04-23_10-57-31_S2223314_DxO_res_depth_res.tiff	0.9128348542041609	0.00934004260692963	0.03681636652359551	0.4065585415535742	498550.843	4379088.527	211.559
49	2021-04-23_11-00-13_S2223314_DxO_res.jpg	../depth_maps/2021-04-23_11-00-13_S2223314_DxO_res_depth_res.tiff	0.32672056786604825	0.03042512310878567	-0.02414665775747523	-0.9443224668174773	498247.338	4379261.348	214.87
50	2021-04-23_11-00-15_S2223314_DxO_res.jpg	../depth_maps/2021-04-23_11-00-15_S2223314_DxO_res_depth_res.tiff	0.3217981702043523	0.06603173660360992	-0.024803187206982054	-0.9441771811045941	498240.967	4379268.539	214.926
51	2021-04-23_11-00-17_S2223314_DxO_res.jpg	../depth_maps/2021-04-23_11-00-17_S2223314_DxO_res_depth_res.tiff	0.27465080979915674	0.061837206527569744	-0.035588290054422544	-0.9588934070982742	498237.944	4379272.129	214.888
52	2021-04-23_11-00-19_S2223314_DxO_res.jpg	../depth_maps/2021-04-23_11-00-19_S2223314_DxO_res_depth_res.tiff	0.2448902082079415	0.09079225499362956	-0.03354952771369435	-0.9647071999043185	498237.877	4379272.426	214.729
53	2021-04-23_11-00-21_S2223314_DxO_res.jpg	../depth_maps/2021-04-23_11-00-21_S2223314_DxO_res_depth_res.tiff	0.7031580604722221	-0.03331349529903515	0.09865115203364157	0.7033682557710004	498240.179	4379269.273	214.613
54	2021-04-23_11-00-23_S2223314_DxO_res.jpg	../depth_maps/2021-04-23_11-00-23_S2223314_DxO_res_depth_res.tiff	0.8887288564305067	0.002075935740027301	0.060084266026102104	0.4544739719880905	498246.658	4379264.64	214.652
55	2021-04-23_11-00-25_S2223314_DxO_res.jpg	../depth_maps/2021-04-23_11-00-25_S2223314_DxO_res_depth_res.tiff	0.9252265949501485	0.028365207753474998	0.04980697237089455	0.3750605664280117	498255.057	4379259.304	214.874
56	2021-04-23_11-00-27_S2223314_DxO_res.jpg	../depth_maps/2021-04-23_11-00-27_S2223314_DxO_res_depth_res.tiff	0.9283622283985468	0.034128614364644316	0.05829744493059245	0.3654862767314231	498262.96	4379252.458	215.137
57	2021-04-23_11-00-29_S2223314_DxO_res.jpg	../depth_maps/2021-04-23_11-00-29_S2223314_DxO_res_depth_res.tiff	0.9229126093969942	0.0065546058493392845	0.06340586329382406	0.37969599557824674	498271.397	4379244.498	215.452
58	2021-04-23_11-00-31_S2223314_DxO_res.jpg	../depth_maps/2021-04-23_11-00-31_S2223314_DxO_res_depth_res.tiff	0.9196477898420203	0.025447818902122582	0.06582258672977802	0.3863518321789259	498280.201	4379236.393	215.814
59	2021-04-23_11-00-33_S2223314_DxO_res.jpg	../depth_maps/2021-04-23_11-00-33_S2223314_DxO_res_depth_res.tiff	0.9185491886881624	0.01971568431658172	0.07387981184097056	0.38784075746959645	498289.089	4379228.345	216.245
60	2021-04-23_11-00-35_S2223314_DxO_res.jpg	../depth_maps/2021-04-23_11-00-35_S2223314_DxO_res_depth_res.tiff	0.9152530927300853	0.00980700605951763	0.062315377248848655	0.3979100308342281	498298.392	4379219.829	216.678
61	2021-04-23_11-00-37_S2223314_DxO_res.jpg	../depth_maps/2021-04-23_11-00-37_S2223314_DxO_res_depth_res.tiff	0.9135533619748358	0.012046296108321183	0.06863638088652844	0.40070461538812435	498307.755	4379211.411	216.998
62	2021-04-23_11-00-39_S2223314_DxO_res.jpg	../depth_maps/2021-04-23_11-00-39_S2223314_DxO_res_depth_res.tiff	0.9146460814233003	0.009765276639486987	0.05849699185755487	0.39988159129018797	498317.198	4379202.837	217.355
63	2021-04-23_11-00-41_S2223314_DxO_res.jpg	../depth_maps/2021-04-23_11-00-41_S2223314_DxO_res_depth_res.tiff	0.913104042634637	0.01301346387771599	0.07106731306737243	0.4012743376987502	498326.581	4379194.343	217.67
64	2021-04-23_11-00-43_S2223314_DxO_res.jpg	../depth_maps/2021-04-23_11-00-43_S2223314_DxO_res_depth_res.tiff	0.9148314382285201	0.017340156788901533	0.07049071182469441	0.39725787360066456	498336.122	4379185.794	217.92
65	2021-04-23_11-00-45_S2223314_DxO_res.jpg	../depth_maps/2021-04-23_11-00-45_S2223314_DxO_res_depth_res.tiff	0.9106629291744139	0.0014037453452780263	0.0691569214529494	0.4073185229542509	498345.537	4379177.039	218.339
66	2021-04-23_11-00-47_S2223314_DxO_res.jpg	../depth_maps/2021-04-23_11-00-47_S2223314_DxO_res_depth_res.tiff	0.9119450383191124	0.0076552860964239425	0.06751692723237446	0.40464689325019243	498355.254	4379168.538	218.723
67	2021-04-23_11-00-49_S2223314_DxO_res.jpg	../depth_maps/2021-04-23_11-00-49_S2223314_DxO_res_depth_res.tiff	0.9139281501974824	0.017496448321721383	0.0636942972118923	0.4004650385182413	498364.994	4379159.946	219.025
68	2021-04-23_11-00-51_S2223314_DxO_res.jpg	../depth_maps/2021-04-23_11-00-51_S2223314_DxO_res_depth_res.tiff	0.9136090614432907	0.014511138656458863	0.05731291526823153	0.40227246916369896	498374.64	4379151.287	218.908
69	2021-04-23_11-00-53_S2223314_DxO_res.jpg	../depth_maps/2021-04-23_11-00-53_S2223314_DxO_res_depth_res.tiff	0.9114071868714625	0.009731566180869441	0.06733110465513549	0.4058432686205769	498384.124	4379142.867	218.077
70	2021-04-23_11-00-55_S2223314_DxO_res.jpg	../depth_maps/2021-04-23_11-00-55_S2223314_DxO_res_depth_res.tiff	0.9108151315349471	0.01042810349747678	0.0678325257912195	0.4070697719914935	498393.779	4379134.327	217.348
71	2021-04-23_11-00-57_S2223314_DxO_res.jpg	../depth_maps/2021-04-23_11-00-57_S2223314_DxO_res_depth_res.tiff	0.9110339914316288	-0.0010509468740619136	0.06800349458660554	0.4066835215383486	498403.313	4379125.793	216.662
72	2021-04-23_11-00-59_S2223314_DxO_res.jpg	../depth_maps/2021-04-23_11-00-59_S2223314_DxO_res_depth_res.tiff	0.9138018504350173	0.008995310179239324	0.06710686721646143	0.40047712907069993	498412.955	4379117.304	215.792
73	2021-04-23_11-01-01_S2223314_DxO_res.jpg	../depth_maps/2021-04-23_11-01-01_S2223314_DxO_res_depth_res.tiff	0.9119406717827292	0.007151895665430737	0.0675980357625492	0.40465240280752096	498422.378	4379108.817	214.946
74	2021-04-23_11-01-03_S2223314_DxO_res.jpg	../depth_maps/2021-04-23_11-01-03_S2223314_DxO_res_depth_res.tiff	0.9095128475492867	-0.004402693494054331	0.07127659274355003	0.4094955967524627	498431.919	4379100.138	214.032
75	2021-04-23_11-01-05_S2223314_DxO_res.jpg	../depth_maps/2021-04-23_11-01-05_S2223314_DxO_res_depth_res.tiff	0.9117373365989	0.0027299940548977976	0.0678756115039456	0.4051178563664777	498441.504	4379091.674	213.124
76	2021-04-23_11-01-07_S2223314_DxO_res.jpg	../depth_maps/2021-04-23_11-01-07_S2223314_DxO_res_depth_res.tiff	0.9115683842034121	-0.00010976960281773238	0.06221481905645371	0.4064140563036515	498450.747	4379083.373	212.01
77	2021-04-23_11-01-09_S2223314_DxO_res.jpg	../depth_maps/2021-04-23_11-01-09_S2223314_DxO_res_depth_res.tiff	0.9122088130959988	0.006056967743398849	0.08014471613022803	0.4017651290594421	498459.612	4379075.559	210.227
78	2021-04-23_11-01-11_S2223314_DxO_res.jpg	../depth_maps/2021-04-23_11-01-11_S2223314_DxO_res_depth_res.tiff	0.9121134795574721	0.007580528501291803	0.06997247512544541	0.4038507010295029	498468.762	4379067.311	208.406
79	2021-04-23_11-08-37_S2223314_DxO_res.jpg	../depth_maps/2021-04-23_11-08-37_S2223314_DxO_res_depth_res.tiff	0.18810607980702104	0.01019612910586919	0.028890429114258043	-0.981670761913833	498471.893	4379060.439	206.297
80	2021-04-23_11-08-39_S2223314_DxO_res.jpg	../depth_maps/2021-04-23_11-08-39_S2223314_DxO_res_depth_res.tiff	0.12012887072300894	0.06824177426590645	-0.04182941114592167	-0.9895263589349408	498470.924	4379063.715	206.616
81	2021-04-23_11-08-41_S2223314_DxO_res.jpg	../depth_maps/2021-04-23_11-08-41_S2223314_DxO_res_depth_res.tiff	0.4268124741133516	-0.004332415249286948	0.07375194556312469	0.9013173651078743	498472.631	4379062.68	206.697
82	2021-04-23_11-08-43_S2223314_DxO_res.jpg	../depth_maps/2021-04-23_11-08-43_S2223314_DxO_res_depth_res.tiff	0.8453174622412492	-0.04615563106515479	0.0747197517538343	0.5269962091408602	498476.794	4379058.887	206.647
83	2021-04-23_11-08-45_S2223314_DxO_res.jpg	../depth_maps/2021-04-23_11-08-45_S2223314_DxO_res_depth_res.tiff	0.9120875551952026	0.01935911038487059	0.05229016174155138	0.40618623251925606	498484.228	4379054.239	206.266
84	2021-04-23_11-08-47_S2223314_DxO_res.jpg	../depth_maps/2021-04-23_11-08-47_S2223314_DxO_res_depth_res.tiff	0.915165427878239	0.005405978320062274	0.05843092529480023	0.3987842047825319	498491.571	4379047.47	205.847
85	2021-04-23_11-08-49_S2223314_DxO_res.jpg	../depth_maps/2021-04-23_11-08-49_S2223314_DxO_res_depth_res.tiff	0.9157752112731412	0.00341915540021185	0.048514390207995375	0.39873603516202155	498499.842	4379039.967	205.521
86	2021-04-23_11-08-51_S2223314_DxO_res.jpg	../depth_maps/2021-04-23_11-08-51_S2223314_DxO_res_depth_res.tiff	0.9134628700217586	-0.00929228608504338	0.04942960742961432	0.40380187273003054	498508.347	4379032.034	205.18
87	2021-04-23_11-08-53_S2223314_DxO_res.jpg	../depth_maps/2021-04-23_11-08-53_S2223314_DxO_res_depth_res.tiff	0.913734402257544	0.0010500734944087903	0.051931118651570914	0.4029782852615035	498517.373	4379024.021	204.952
88	2021-04-23_11-08-55_S2223314_DxO_res.jpg	../depth_maps/2021-04-23_11-08-55_S2223314_DxO_res_depth_res.tiff	0.9132929540070428	-0.005521472789245325	0.054310773623238204	0.4036283356849129	498526.51	4379015.681	204.922
89	2021-04-23_11-08-57_S2223314_DxO_res.jpg	../depth_maps/2021-04-23_11-08-57_S2223314_DxO_res_depth_res.tiff	0.9156922551658485	-0.0037617806096216545	0.056626367161446936	0.3978529846287754	498535.722	4379007.33	205.0
90	2021-04-23_11-08-59_S2223314_DxO_res.jpg	../depth_maps/2021-04-23_11-08-59_S2223314_DxO_res_depth_res.tiff	0.9142941741833234	0.0007603185604093086	0.0592999183077617	0.4006857929335832	498545.133	4378998.98	205.409
91	2021-04-23_11-09-01_S2223314_DxO_res.jpg	../depth_maps/2021-04-23_11-09-01_S2223314_DxO_res_depth_res.tiff	0.9179704261134315	-0.0027439634971750636	0.05704688946030621	0.39251550268537744	498554.64	4378990.473	205.908
92	2021-04-23_11-09-03_S2223314_DxO_res.jpg	../depth_maps/2021-04-23_11-09-03_S2223314_DxO_res_depth_res.tiff	0.9149421433944779	-0.008834339387134878	0.05345110436475662	0.399932254426296	498564.255	4378981.847	206.278
93	2021-04-23_11-09-05_S2223314_DxO_res.jpg	../depth_maps/2021-04-23_11-09-05_S2223314_DxO_res_depth_res.tiff	0.9175616908861409	-0.0037360090903937396	0.05600985796863875	0.3936108248823649	498573.973	4378973.492	206.56
94	2021-04-23_11-09-07_S2223314_DxO_res.jpg	../depth_maps/2021-04-23_11-09-07_S2223314_DxO_res_depth_res.tiff	0.9168901049391502	-0.005373090977823198	0.056266691296892615	0.39511735574195966	498583.658	4378964.907	206.737
95	2021-04-23_11-09-09_S2223314_DxO_res.jpg	../depth_maps/2021-04-23_11-09-09_S2223314_DxO_res_depth_res.tiff	0.916479389367224	-0.010390418040518035	0.05752808407918316	0.3957879326359027	498593.31	4378956.336	207.047
96	2021-04-23_11-09-11_S2223314_DxO_res.jpg	../depth_maps/2021-04-23_11-09-11_S2223314_DxO_res_depth_res.tiff	0.9168854078274306	-0.01260796519979901	0.06249468893764843	0.3940261437788532	498602.939	4378947.748	207.346
97	2021-04-23_11-09-13_S2223314_DxO_res.jpg	../depth_maps/2021-04-23_11-09-13_S2223314_DxO_res_depth_res.tiff	0.9195620791605899	-0.002750576348543296	0.0531886910819683	0.3893186099335492	498612.78	4378939.233	207.701
98	2021-04-23_11-09-15_S2223314_DxO_res.jpg	../depth_maps/2021-04-23_11-09-15_S2223314_DxO_res_depth_res.tiff	0.9196070555609004	-0.011358679461080497	0.05743998553288154	0.38845140214123824	498622.353	4378930.676	208.005
99	2021-04-23_11-09-17_S2223314_DxO_res.jpg	../depth_maps/2021-04-23_11-09-17_S2223314_DxO_res_depth_res.tiff	0.9195008735624384	-0.006219396436542294	0.06119339643743012	0.3882458381725801	498632.116	4378922.194	208.255
100	2021-04-23_11-09-19_S2223314_DxO_res.jpg	../depth_maps/2021-04-23_11-09-19_S2223314_DxO_res_depth_res.tiff	0.9210512017688607	-0.009624648086996854	0.054090826056488524	0.38554666696246476	498641.738	4378913.3	208.541
101	2021-04-23_11-09-21_S2223314_DxO_res.jpg	../depth_maps/2021-04-23_11-09-21_S2223314_DxO_res_depth_res.tiff	0.9200928282514517	-0.0008384612661028537	0.052948894589343945	0.3881042372156179	498651.525	4378904.986	208.799
102	2021-04-23_11-09-23_S2223314_DxO_res.jpg	../depth_maps/2021-04-23_11-09-23_S2223314_DxO_res_depth_res.tiff	0.9207475709867057	0.001125917891090178	0.05651847152019843	0.38604184385634244	498661.148	4378896.326	209.025
103	2021-04-23_11-09-25_S2223314_DxO_res.jpg	../depth_maps/2021-04-23_11-09-25_S2223314_DxO_res_depth_res.tiff	0.9206542515141554	-0.0013225487998320025	0.05992723057089981	0.38574956522293646	498670.825	4378887.785	209.153
104	2021-04-23_11-09-27_S2223314_DxO_res.jpg	../depth_maps/2021-04-23_11-09-27_S2223314_DxO_res_depth_res.tiff	0.9199588671696731	-0.0035227035803031895	0.060872724860411516	0.3872438309946921	498680.375	4378879.197	209.397
105	2021-04-23_11-09-29_S2223314_DxO_res.jpg	../depth_maps/2021-04-23_11-09-29_S2223314_DxO_res_depth_res.tiff	0.9164629641568424	0.011550123897192108	0.07021299224402172	0.3937414960185863	498690.188	4378870.899	210.314
106	2021-04-23_11-09-31_S2223314_DxO_res.jpg	../depth_maps/2021-04-23_11-09-31_S2223314_DxO_res_depth_res.tiff	0.9148078137718552	0.015497171271810693	0.05342452950551983	0.40004039944941155	498700.221	4378862.901	211.512
107	2021-04-23_11-09-33_S2223314_DxO_res.jpg	../depth_maps/2021-04-23_11-09-33_S2223314_DxO_res_depth_res.tiff	0.9106597741346758	0.014841328905353772	0.06730797528525308	0.4073673369236961	498710.168	4378854.802	212.691
108	2021-04-23_11-12-54_S2223314_DxO_res.jpg	../depth_maps/2021-04-23_11-12-54_S2223314_DxO_res_depth_res.tiff	0.07445312513948531	0.017346867927717946	-0.00027914426039141356	-0.9970735882614403	498746.065	4379096.559	225.23
109	2021-04-23_11-12-56_S2223314_DxO_res.jpg	../depth_maps/2021-04-23_11-12-56_S2223314_DxO_res_depth_res.tiff	0.073190011848031	0.03800227134727777	-0.05048057095670212	-0.9953144033389744	498744.086	4379105.757	225.285
110	2021-04-23_11-12-58_S2223314_DxO_res.jpg	../depth_maps/2021-04-23_11-12-58_S2223314_DxO_res_depth_res.tiff	0.12858275722926557	0.017261800314892994	-0.06206863721160971	-0.9896039556650438	498743.177	4379110.475	225.35
111	2021-04-23_11-13-00_S2223314_DxO_res.jpg	../depth_maps/2021-04-23_11-13-00_S2223314_DxO_res_depth_res.tiff	0.47947389061863604	0.041328917724665556	-0.035845789144562615	-0.8758491811809495	498741.73	4379110.72	225.16
112	2021-04-23_11-13-02_S2223314_DxO_res.jpg	../depth_maps/2021-04-23_11-13-02_S2223314_DxO_res_depth_res.tiff	0.9026683150932078	0.03934824379380049	-0.0572770548193159	-0.42468926008124813	498739.12	4379108.135	224.587
113	2021-04-23_11-13-04_S2223314_DxO_res.jpg	../depth_maps/2021-04-23_11-13-04_S2223314_DxO_res_depth_res.tiff	0.9283041349283886	0.035487349995541005	-0.024655181583447403	-0.3693023193621146	498733.824	4379102.442	223.698
114	2021-04-23_11-13-06_S2223314_DxO_res.jpg	../depth_maps/2021-04-23_11-13-06_S2223314_DxO_res_depth_res.tiff	0.9328322465998647	0.038748205057916534	-0.014521518771322621	-0.3579269503695033	498727.28	4379095.174	222.748
115	2021-04-23_11-13-08_S2223314_DxO_res.jpg	../depth_maps/2021-04-23_11-13-08_S2223314_DxO_res_depth_res.tiff	0.9325533393101717	0.0329288020942832	-0.010901871669208453	-0.3593620911117245	498720.16	4379086.862	221.819
116	2021-04-23_11-13-10_S2223314_DxO_res.jpg	../depth_maps/2021-04-23_11-13-10_S2223314_DxO_res_depth_res.tiff	0.9338434253760886	0.03049762341630394	-0.01214591122733285	-0.3561724704244681	498712.553	4379078.264	220.979
117	2021-04-23_11-13-12_S2223314_DxO_res.jpg	../depth_maps/2021-04-23_11-13-12_S2223314_DxO_res_depth_res.tiff	0.9341692799289799	0.029567006871531864	-0.004705754804650088	-0.35557193985654806	498704.707	4379069.383	220.028
118	2021-04-23_11-13-14_S2223314_DxO_res.jpg	../depth_maps/2021-04-23_11-13-14_S2223314_DxO_res_depth_res.tiff	0.9347725120971899	0.028289421053530567	-0.01849715191890177	-0.35363528479897777	498696.725	4379060.213	219.068
119	2021-04-23_11-13-16_S2223314_DxO_res.jpg	../depth_maps/2021-04-23_11-13-16_S2223314_DxO_res_depth_res.tiff	0.9341888531718024	0.036414199031432753	-0.024766762491266775	-0.3540505616351329	498688.506	4379051.016	218.241
120	2021-04-23_11-13-18_S2223314_DxO_res.jpg	../depth_maps/2021-04-23_11-13-18_S2223314_DxO_res_depth_res.tiff	0.9377861111172595	0.0377535005765429	-0.008456746556105784	-0.3450512518850927	498679.994	4379041.688	216.908
121	2021-04-23_11-13-20_S2223314_DxO_res.jpg	../depth_maps/2021-04-23_11-13-20_S2223314_DxO_res_depth_res.tiff	0.937129428647277	0.03548349675894745	-0.013768264723327978	-0.34690025988386686	498671.732	4379032.324	215.296
122	2021-04-23_11-13-22_S2223314_DxO_res.jpg	../depth_maps/2021-04-23_11-13-22_S2223314_DxO_res_depth_res.tiff	0.9388644558486454	0.039593609191841087	-0.010465824554231107	-0.34184257513011873	498663.33	4379022.776	213.653
123	2021-04-23_11-13-24_S2223314_DxO_res.jpg	../depth_maps/2021-04-23_11-13-24_S2223314_DxO_res_depth_res.tiff	0.9378447211109671	0.016759012135854706	-0.005123788403444486	-0.3466124080135036	498655.007	4379013.182	212.154
124	2021-04-23_11-13-26_S2223314_DxO_res.jpg	../depth_maps/2021-04-23_11-13-26_S2223314_DxO_res_depth_res.tiff	0.9390315800106841	0.029751534831435663	-0.013001013838773305	-0.3422944807573972	498646.708	4379003.888	210.646
125	2021-04-23_11-13-28_S2223314_DxO_res.jpg	../depth_maps/2021-04-23_11-13-28_S2223314_DxO_res_depth_res.tiff	0.9390069729821865	0.026381495137914674	-0.014141762468450881	-0.34259295375037324	498638.472	4378994.392	209.196
126	2021-04-23_11-13-30_S2223314_DxO_res.jpg	../depth_maps/2021-04-23_11-13-30_S2223314_DxO_res_depth_res.tiff	0.9387152735295032	0.034347095421665336	-0.006894759864455656	-0.34290869712641625	498630.021	4378984.926	207.775
127	2021-04-23_11-13-32_S2223314_DxO_res.jpg	../depth_maps/2021-04-23_11-13-32_S2223314_DxO_res_depth_res.tiff	0.9404663424628172	0.025853369081874248	-0.009201618261665654	-0.3387772014511806	498621.776	4378975.339	206.836
128	2021-04-23_11-13-34_S2223314_DxO_res.jpg	../depth_maps/2021-04-23_11-13-34_S2223314_DxO_res_depth_res.tiff	0.9386618650909876	0.03629476540303566	-0.011987173082895047	-0.3427140217582698	498613.426	4378965.967	207.893
129	2021-04-23_11-13-36_S2223314_DxO_res.jpg	../depth_maps/2021-04-23_11-13-36_S2223314_DxO_res_depth_res.tiff	0.9403379484655933	0.029585151652570554	-0.01199391888139421	-0.3387409148406498	498604.984	4378956.473	209.452
130	2021-04-23_11-13-38_S2223314_DxO_res.jpg	../depth_maps/2021-04-23_11-13-38_S2223314_DxO_res_depth_res.tiff	0.9397717325484108	0.027490986029574116	-0.014488763398547398	-0.34038715035274286	498596.438	4378946.882	211.172
131	2021-04-23_11-13-40_S2223314_DxO_res.jpg	../depth_maps/2021-04-23_11-13-40_S2223314_DxO_res_depth_res.tiff	0.9386787071961361	0.032749453542485506	-0.011094910199687487	-0.34305489490301727	498587.922	4378937.316	212.935
132	2021-04-23_11-13-50_S2223314_DxO_res.jpg	../depth_maps/2021-04-23_11-13-50_S2223314_DxO_res_depth_res.tiff	0.48522801576663693	0.010407126423566641	-0.0007507530508570684	-0.8743253975520973	498548.843	4378926.212	213.188
133	2021-04-23_11-13-52_S2223314_DxO_res.jpg	../depth_maps/2021-04-23_11-13-52_S2223314_DxO_res_depth_res.tiff	0.31944585166774486	0.1132799808236958	0.014490653458214955	-0.9406976213211163	498542.055	4378931.365	212.619
134	2021-04-23_11-13-54_S2223314_DxO_res.jpg	../depth_maps/2021-04-23_11-13-54_S2223314_DxO_res_depth_res.tiff	0.10978602305094105	-0.09000421015376733	-0.028317039310530787	0.9894667334387451	498541.799	4378935.457	212.183
135	2021-04-23_11-13-56_S2223314_DxO_res.jpg	../depth_maps/2021-04-23_11-13-56_S2223314_DxO_res_depth_res.tiff	0.2896100953952035	-0.06625593509103841	0.0065779031145086295	0.9548260966799186	498545.861	4378942.327	211.562
136	2021-04-23_11-13-58_S2223314_DxO_res.jpg	../depth_maps/2021-04-23_11-13-58_S2223314_DxO_res_depth_res.tiff	0.3467947988089379	-0.060238727742415926	0.022908126294635785	0.9357242547613652	498551.8	4378950.424	210.908
137	2021-04-23_11-14-00_S2223314_DxO_res.jpg	../depth_maps/2021-04-23_11-14-00_S2223314_DxO_res_depth_res.tiff	0.367380291883082	-0.05654369392941991	0.022242714060743584	0.9280839366587105	498558.875	4378958.487	210.192
138	2021-04-23_11-14-02_S2223314_DxO_res.jpg	../depth_maps/2021-04-23_11-14-02_S2223314_DxO_res_depth_res.tiff	0.35991964560175255	-0.03692820915620755	0.020763616676473973	0.9320209376945009	498566.605	4378967.118	209.511
139	2021-04-23_11-14-04_S2223314_DxO_res.jpg	../depth_maps/2021-04-23_11-14-04_S2223314_DxO_res_depth_res.tiff	0.36244290150342545	-0.04648168436219524	0.011127839802181757	0.9307796556382013	498574.363	4378975.961	208.895
140	2021-04-23_11-14-06_S2223314_DxO_res.jpg	../depth_maps/2021-04-23_11-14-06_S2223314_DxO_res_depth_res.tiff	0.3602483984807088	-0.055224376198898355	0.009824795036028523	0.9311685309695701	498582.225	4378984.883	208.334
141	2021-04-23_11-14-08_S2223314_DxO_res.jpg	../depth_maps/2021-04-23_11-14-08_S2223314_DxO_res_depth_res.tiff	0.36319674711848327	-0.047927374338403606	0.009550729503202246	0.9304299399941598	498590.458	4378994.144	207.754
142	2021-04-23_11-14-10_S2223314_DxO_res.jpg	../depth_maps/2021-04-23_11-14-10_S2223314_DxO_res_depth_res.tiff	0.36019861993305385	-0.04746393007349131	0.0050703176893963624	0.9316535951837629	498598.778	4379003.372	208.465
143	2021-04-23_11-14-12_S2223314_DxO_res.jpg	../depth_maps/2021-04-23_11-14-12_S2223314_DxO_res_depth_res.tiff	0.36553360769132925	-0.05043618956165848	0.02168036779417598	0.9291777731322307	498607.028	4379012.975	209.695
144	2021-04-23_11-14-14_S2223314_DxO_res.jpg	../depth_maps/2021-04-23_11-14-14_S2223314_DxO_res_depth_res.tiff	0.3614192397200306	-0.0423215534417032	-0.004546231620980196	0.9314313453242404	498615.516	4379022.414	210.907
145	2021-04-23_11-14-16_S2223314_DxO_res.jpg	../depth_maps/2021-04-23_11-14-16_S2223314_DxO_res_depth_res.tiff	0.37016263905566726	-0.056985283630047644	0.032838700655823186	0.9266358064720919	498623.705	4379032.369	212.079
146	2021-04-23_11-14-18_S2223314_DxO_res.jpg	../depth_maps/2021-04-23_11-14-18_S2223314_DxO_res_depth_res.tiff	0.3631861473429503	-0.04064439162804342	-0.010358524023279296	0.9307720219191326	498632.485	4379041.677	213.313
147	2021-04-23_11-14-20_S2223314_DxO_res.jpg	../depth_maps/2021-04-23_11-14-20_S2223314_DxO_res_depth_res.tiff	0.36225781973821397	-0.0455213692916621	0.019741836285570125	0.9307563251874259	498641.04	4379051.461	214.623
148	2021-04-23_11-14-22_S2223314_DxO_res.jpg	../depth_maps/2021-04-23_11-14-22_S2223314_DxO_res_depth_res.tiff	0.36518956800651553	-0.04799740167686927	0.006874846188622085	0.9296696000953063	498649.678	4379061.18	215.949
149	2021-04-23_11-14-24_S2223314_DxO_res.jpg	../depth_maps/2021-04-23_11-14-24_S2223314_DxO_res_depth_res.tiff	0.36155835510001627	-0.03734083121370121	0.01130838099130052	0.931532789922607	498658.421	4379070.949	217.184
150	2021-04-23_11-14-26_S2223314_DxO_res.jpg	../depth_maps/2021-04-23_11-14-26_S2223314_DxO_res_depth_res.tiff	0.36263700112039493	-0.04366700410332126	0.017368261164178108	0.9307448316671869	498666.756	4379080.593	218.187
151	2021-04-23_11-14-28_S2223314_DxO_res.jpg	../depth_maps/2021-04-23_11-14-28_S2223314_DxO_res_depth_res.tiff	0.3678974569562389	-0.042571296275337525	0.017977383860030217	0.9287173733532279	498675.279	4379090.159	219.129
152	2021-04-23_11-14-30_S2223314_DxO_res.jpg	../depth_maps/2021-04-23_11-14-30_S2223314_DxO_res_depth_res.tiff	0.36347797266086657	-0.030792485547546298	0.01279808522393506	0.9310057976397095	498684.02	4379099.723	220.103
153	2021-04-23_11-14-32_S2223314_DxO_res.jpg	../depth_maps/2021-04-23_11-14-32_S2223314_DxO_res_depth_res.tiff	0.3625687610104881	-0.03708443231807455	0.008299730804656583	0.9311819118129047	498692.689	4379109.478	221.073
154	2021-04-23_11-14-34_S2223314_DxO_res.jpg	../depth_maps/2021-04-23_11-14-34_S2223314_DxO_res_depth_res.tiff	0.36739863170220216	-0.042263609089956834	0.018259190350194295	0.9289233739861411	498701.114	4379119.292	222.1
155	2021-04-23_11-14-36_S2223314_DxO_res.jpg	../depth_maps/2021-04-23_11-14-36_S2223314_DxO_res_depth_res.tiff	0.3682986685229843	-0.04677449307402331	0.013858872327867722	0.928426717204791	498709.699	4379128.813	223.143
156	2021-04-23_11-14-38_S2223314_DxO_res.jpg	../depth_maps/2021-04-23_11-14-38_S2223314_DxO_res_depth_res.tiff	0.3661959353169619	-0.03650567366692957	0.019918844557356985	0.929608042337715	498718.315	4379138.601	224.076
157	2021-04-23_11-14-45_S2223314_DxO_res.jpg	../depth_maps/2021-04-23_11-14-45_S2223314_DxO_res_depth_res.tiff	0.1011128893575671	0.01252970906361099	0.004360384770154548	-0.9947864982201969	498724.446	4379177.297	223.797
158	2021-04-23_11-14-47_S2223314_DxO_res.jpg	../depth_maps/2021-04-23_11-14-47_S2223314_DxO_res_depth_res.tiff	0.1025865178187906	0.04472836890327539	-0.05254636791647445	-0.9923276971826664	498721.881	4379186.354	223.562
159	2021-04-23_11-14-49_S2223314_DxO_res.jpg	../depth_maps/2021-04-23_11-14-49_S2223314_DxO_res_depth_res.tiff	0.16120671199003817	0.052089680529997316	-0.05364419198813095	-0.9840840217469158	498720.309	4379190.649	223.543
160	2021-04-23_11-14-51_S2223314_DxO_res.jpg	../depth_maps/2021-04-23_11-14-51_S2223314_DxO_res_depth_res.tiff	0.6306919812122493	0.02821507044382878	-0.012705973849679657	-0.7754160772533342	498719.171	4379190.425	223.414
161	2021-04-23_11-14-53_S2223314_DxO_res.jpg	../depth_maps/2021-04-23_11-14-53_S2223314_DxO_res_depth_res.tiff	0.904253465995586	0.07002012432075949	-0.0278357435407541	-0.42029516153128443	498715.978	4379187.691	223.1
162	2021-04-23_11-14-55_S2223314_DxO_res.jpg	../depth_maps/2021-04-23_11-14-55_S2223314_DxO_res_depth_res.tiff	0.9220517191680412	0.024996169976042697	-0.034527116353245506	-0.38471248602315716	498710.774	4379181.507	222.296
163	2021-04-23_11-14-57_S2223314_DxO_res.jpg	../depth_maps/2021-04-23_11-14-57_S2223314_DxO_res_depth_res.tiff	0.9291233691066961	0.029485898568910145	-0.0031596338979884182	-0.36857884296176974	498703.896	4379173.933	221.303
164	2021-04-23_11-14-59_S2223314_DxO_res.jpg	../depth_maps/2021-04-23_11-14-59_S2223314_DxO_res_depth_res.tiff	0.9305098227175803	0.029107650726520697	-0.02523470618253614	-0.3642353965489367	498696.895	4379165.974	220.402
165	2021-04-23_11-15-01_S2223314_DxO_res.jpg	../depth_maps/2021-04-23_11-15-01_S2223314_DxO_res_depth_res.tiff	0.9335360836204502	0.02464255788343436	-0.010408692435169875	-0.35748396333450194	498689.152	4379157.356	219.597
166	2021-04-23_11-15-03_S2223314_DxO_res.jpg	../depth_maps/2021-04-23_11-15-03_S2223314_DxO_res_depth_res.tiff	0.9336290218043315	0.03135639692792624	-0.017765712485258062	-0.3564239126044668	498681.335	4379148.606	218.939
167	2021-04-23_11-15-05_S2223314_DxO_res.jpg	../depth_maps/2021-04-23_11-15-05_S2223314_DxO_res_depth_res.tiff	0.934749169776445	-0.0006150632908844414	-0.015970941388901597	-0.3549486446382734	498673.173	4379139.321	218.119
168	2021-04-23_11-15-07_S2223314_DxO_res.jpg	../depth_maps/2021-04-23_11-15-07_S2223314_DxO_res_depth_res.tiff	0.9334785033192633	0.017795098965837017	0.02167442887616377	-0.3575352254345247	498664.66	4379129.817	217.244
169	2021-04-23_11-15-09_S2223314_DxO_res.jpg	../depth_maps/2021-04-23_11-15-09_S2223314_DxO_res_depth_res.tiff	0.9359733690577077	0.03272883362926343	-0.018459492427379227	-0.3500598848816526	498656.688	4379120.793	216.349
170	2021-04-23_11-15-11_S2223314_DxO_res.jpg	../depth_maps/2021-04-23_11-15-11_S2223314_DxO_res_depth_res.tiff	0.93855957152669	0.026445978256716067	-0.014735641830915466	-0.34378685517266694	498648.276	4379111.271	215.502
171	2021-04-23_11-15-13_S2223314_DxO_res.jpg	../depth_maps/2021-04-23_11-15-13_S2223314_DxO_res_depth_res.tiff	0.9379858452309962	0.04642875263075358	-0.0032273322457590722	-0.34353531026958667	498639.832	4379101.725	214.633
172	2021-04-23_11-15-15_S2223314_DxO_res.jpg	../depth_maps/2021-04-23_11-15-15_S2223314_DxO_res_depth_res.tiff	0.9382095304372079	0.021684638014985682	0.0011692844183841854	-0.3453857064860987	498631.428	4379091.931	213.815
173	2021-04-23_11-15-17_S2223314_DxO_res.jpg	../depth_maps/2021-04-23_11-15-17_S2223314_DxO_res_depth_res.tiff	0.9361411049360006	0.05986016032534184	-0.006232817409271606	-0.3464357730405031	498622.855	4379082.491	212.895
174	2021-04-23_11-15-19_S2223314_DxO_res.jpg	../depth_maps/2021-04-23_11-15-19_S2223314_DxO_res_depth_res.tiff	0.9394918047222908	0.04078352561726334	-0.0035817540496912593	-0.3401161918165714	498614.549	4379072.898	211.844
175	2021-04-23_11-15-21_S2223314_DxO_res.jpg	../depth_maps/2021-04-23_11-15-21_S2223314_DxO_res_depth_res.tiff	0.9391792562868087	0.04830413147077121	-0.01411826682044013	-0.3397200464873958	498606.288	4379063.564	210.963
176	2021-04-23_11-15-23_S2223314_DxO_res.jpg	../depth_maps/2021-04-23_11-15-23_S2223314_DxO_res_depth_res.tiff	0.9369732765120354	0.05114587465227521	0.0009479202946787793	-0.34563605144062975	498597.674	4379053.866	210.317
177	2021-04-23_11-15-25_S2223314_DxO_res.jpg	../depth_maps/2021-04-23_11-15-25_S2223314_DxO_res_depth_res.tiff	0.9378885598142552	0.0479372151843829	-0.00947045474094789	-0.34347835922646985	498589.195	4379044.082	210.132
178	2021-04-23_11-15-27_S2223314_DxO_res.jpg	../depth_maps/2021-04-23_11-15-27_S2223314_DxO_res_depth_res.tiff	0.9392707829227697	0.029222715725749342	-0.0010597598255399614	-0.34192880273877424	498580.707	4379034.41	210.03
179	2021-04-23_11-15-29_S2223314_DxO_res.jpg	../depth_maps/2021-04-23_11-15-29_S2223314_DxO_res_depth_res.tiff	0.9399304804553889	0.03580035276670732	-0.005455020186430536	-0.33943964030066776	498572.164	4379024.79	209.84
180	2021-04-23_11-15-31_S2223314_DxO_res.jpg	../depth_maps/2021-04-23_11-15-31_S2223314_DxO_res_depth_res.tiff	0.9385685649728505	0.04233625701549667	-0.0005089443835402073	-0.34248566563045557	498563.556	4379015.139	209.7
181	2021-04-23_11-15-33_S2223314_DxO_res.jpg	../depth_maps/2021-04-23_11-15-33_S2223314_DxO_res_depth_res.tiff	0.9390057905943139	0.02844942699521619	-0.004147046759116114	-0.34269747203206646	498554.996	4379005.272	209.616
182	2021-04-23_11-15-35_S2223314_DxO_res.jpg	../depth_maps/2021-04-23_11-15-35_S2223314_DxO_res_depth_res.tiff	0.9387218116156165	0.04611048484640191	-0.004897037528844801	-0.34154238771749207	498546.383	4378995.658	209.545
183	2021-04-23_11-15-37_S2223314_DxO_res.jpg	../depth_maps/2021-04-23_11-15-37_S2223314_DxO_res_depth_res.tiff	0.9397986720743848	0.03452259444148272	-0.010774019259795415	-0.3398096039685182	498537.82	4378985.9	209.487
184	2021-04-23_11-15-47_S2223314_DxO_res.jpg	../depth_maps/2021-04-23_11-15-47_S2223314_DxO_res_depth_res.tiff	0.45289811187258283	0.03162869298648504	0.007945244088915874	-0.8909656554203331	498499.127	4378976.628	208.446
185	2021-04-23_11-15-49_S2223314_DxO_res.jpg	../depth_maps/2021-04-23_11-15-49_S2223314_DxO_res_depth_res.tiff	0.25227894218238467	0.12025890339293273	0.017997263776430364	-0.9599839738155153	498493.229	4378982.144	208.156
186	2021-04-23_11-15-51_S2223314_DxO_res.jpg	../depth_maps/2021-04-23_11-15-51_S2223314_DxO_res_depth_res.tiff	0.13550528659877617	-0.08012667301546285	-0.03143367910792517	0.98703087965524	498493.937	4378987.049	207.918
187	2021-04-23_11-15-53_S2223314_DxO_res.jpg	../depth_maps/2021-04-23_11-15-53_S2223314_DxO_res_depth_res.tiff	0.30007759074766993	-0.06977508041783592	0.015664028245371157	0.951230527213507	498498.317	4378994.573	207.656
188	2021-04-23_11-15-55_S2223314_DxO_res.jpg	../depth_maps/2021-04-23_11-15-55_S2223314_DxO_res_depth_res.tiff	0.3446496382937272	-0.05189619872022502	0.01700299382010388	0.9371415632568793	498504.685	4379002.819	207.403
189	2021-04-23_11-15-57_S2223314_DxO_res.jpg	../depth_maps/2021-04-23_11-15-57_S2223314_DxO_res_depth_res.tiff	0.35389033573419676	-0.05402855812847509	0.013679603908879415	0.933624878426765	498511.777	4379011.125	207.228
190	2021-04-23_11-15-59_S2223314_DxO_res.jpg	../depth_maps/2021-04-23_11-15-59_S2223314_DxO_res_depth_res.tiff	0.35686106479575924	-0.06591325335429932	0.015082444735242484	0.931707112415644	498519.266	4379019.724	207.105
191	2021-04-23_11-16-01_S2223314_DxO_res.jpg	../depth_maps/2021-04-23_11-16-01_S2223314_DxO_res_depth_res.tiff	0.35756232713176056	-0.060222424792721704	0.009561552104964033	0.9318964633957728	498527.123	4379028.56	207.125
192	2021-04-23_11-16-03_S2223314_DxO_res.jpg	../depth_maps/2021-04-23_11-16-03_S2223314_DxO_res_depth_res.tiff	0.3605302257128087	-0.05001299915162395	0.007528583274563723	0.9313753146273572	498535.243	4379037.54	207.194
193	2021-04-23_11-16-05_S2223314_DxO_res.jpg	../depth_maps/2021-04-23_11-16-05_S2223314_DxO_res_depth_res.tiff	0.3579984901863455	-0.0727352601618019	0.007763649825551732	0.930852506412739	498543.376	4379046.754	207.273
194	2021-04-23_11-16-07_S2223314_DxO_res.jpg	../depth_maps/2021-04-23_11-16-07_S2223314_DxO_res_depth_res.tiff	0.35564920647902304	-0.06126439852040724	-0.002744616821275629	0.9326053733939551	498551.768	4379056.203	207.97
195	2021-04-23_11-16-09_S2223314_DxO_res.jpg	../depth_maps/2021-04-23_11-16-09_S2223314_DxO_res_depth_res.tiff	0.3614163559867587	-0.06443944049886992	0.0032085716221039555	0.9301695980849894	498560.069	4379065.762	208.857
196	2021-04-23_11-16-11_S2223314_DxO_res.jpg	../depth_maps/2021-04-23_11-16-11_S2223314_DxO_res_depth_res.tiff	0.36398960577666317	-0.06235017765025287	0.004389370450584282	0.9293033711660467	498568.62	4379075.338	209.774
197	2021-04-23_11-16-13_S2223314_DxO_res.jpg	../depth_maps/2021-04-23_11-16-13_S2223314_DxO_res_depth_res.tiff	0.35990953801698844	-0.0676415746886657	0.00922005271915002	0.9304862881557641	498577.198	4379084.992	210.625
198	2021-04-23_11-16-15_S2223314_DxO_res.jpg	../depth_maps/2021-04-23_11-16-15_S2223314_DxO_res_depth_res.tiff	0.36403861550696515	-0.05408740997356187	0.003227374482724362	0.9298064435978448	498585.791	4379094.646	211.509
199	2021-04-23_11-16-17_S2223314_DxO_res.jpg	../depth_maps/2021-04-23_11-16-17_S2223314_DxO_res_depth_res.tiff	0.3628891621609936	-0.06908457954766499	0.012721918736888665	0.929180784152614	498594.127	4379104.231	212.455
200	2021-04-23_11-16-19_S2223314_DxO_res.jpg	../depth_maps/2021-04-23_11-16-19_S2223314_DxO_res_depth_res.tiff	0.36326852280358923	-0.052604544124555	0.002241310185171451	0.9301955271910308	498602.894	4379113.992	213.418
201	2021-04-23_11-16-21_S2223314_DxO_res.jpg	../depth_maps/2021-04-23_11-16-21_S2223314_DxO_res_depth_res.tiff	0.36577244005053455	-0.057753818141326366	0.004781137148068566	0.9288983579042155	498611.416	4379123.586	214.413
202	2021-04-23_11-16-23_S2223314_DxO_res.jpg	../depth_maps/2021-04-23_11-16-23_S2223314_DxO_res_depth_res.tiff	0.3663048347697802	-0.05139287649981614	0.001213132608562921	0.9290737691801619	498620.107	4379133.254	215.293
203	2021-04-23_11-16-25_S2223314_DxO_res.jpg	../depth_maps/2021-04-23_11-16-25_S2223314_DxO_res_depth_res.tiff	0.363911429344903	-0.03897670657602993	0.0022443603699186018	0.9306149852560756	498628.79	4379142.987	216.101
204	2021-04-23_11-16-27_S2223314_DxO_res.jpg	../depth_maps/2021-04-23_11-16-27_S2223314_DxO_res_depth_res.tiff	0.3637287836027244	-0.04514333961549338	-0.0073551352773375545	0.9303812943370555	498637.412	4379152.713	216.9
205	2021-04-23_11-16-29_S2223314_DxO_res.jpg	../depth_maps/2021-04-23_11-16-29_S2223314_DxO_res_depth_res.tiff	0.3650019209048649	-0.05273591238375772	0.004636726677042768	0.9295004153019695	498645.922	4379162.499	217.648
206	2021-04-23_11-16-31_S2223314_DxO_res.jpg	../depth_maps/2021-04-23_11-16-31_S2223314_DxO_res_depth_res.tiff	0.3702873578902176	-0.04991159286301107	0.01568832333742711	0.9274427108966998	498654.465	4379172.254	218.378
207	2021-04-23_11-16-33_S2223314_DxO_res.jpg	../depth_maps/2021-04-23_11-16-33_S2223314_DxO_res_depth_res.tiff	0.36682990866913073	-0.05120652649422551	0.004340233047793601	0.9288675213006882	498663.181	4379181.701	219.032
208	2021-04-23_11-16-35_S2223314_DxO_res.jpg	../depth_maps/2021-04-23_11-16-35_S2223314_DxO_res_depth_res.tiff	0.3633445787362414	-0.04384081603336351	0.007411613352370186	0.9305932344155674	498671.725	4379191.445	219.77
209	2021-04-23_11-16-37_S2223314_DxO_res.jpg	../depth_maps/2021-04-23_11-16-37_S2223314_DxO_res_depth_res.tiff	0.36691992995374084	-0.04080357227372136	0.009925081212341638	0.9293042162044537	498680.299	4379201.178	220.634
210	2021-04-23_11-16-39_S2223314_DxO_res.jpg	../depth_maps/2021-04-23_11-16-39_S2223314_DxO_res_depth_res.tiff	0.36627992270970355	-0.04949253597391172	0.009557680378547343	0.929138395422569	498688.818	4379210.838	221.426
211	2021-04-23_11-16-41_S2223314_DxO_res.jpg	../depth_maps/2021-04-23_11-16-41_S2223314_DxO_res_depth_res.tiff	0.3676476921939053	-0.04259952782433969	0.006469341373051154	0.9289664161183857	498697.496	4379220.58	222.375
212	2021-04-23_11-16-43_S2223314_DxO_res.jpg	../depth_maps/2021-04-23_11-16-43_S2223314_DxO_res_depth_res.tiff	0.36797006275147476	-0.0488390165283178	0.008083500191300236	0.9285189499454923	498706.042	4379230.23	223.254
213	2021-04-23_11-25-16_S2223314_DxO_res.jpg	../depth_maps/2021-04-23_11-25-16_S2223314_DxO_res_depth_res.tiff	0.7009365335996689	-0.09261706590654566	0.08027535809723349	0.7026136362543097	498513.774	4379068.895	201.689
214	2021-04-23_11-25-18_S2223314_DxO_res.jpg	../depth_maps/2021-04-23_11-25-18_S2223314_DxO_res_depth_res.tiff	0.8666355564012362	0.06285923558717746	0.059069999959087315	0.49142879849205917	498520.797	4379066.461	203.212
215	2021-04-23_11-25-20_S2223314_DxO_res.jpg	../depth_maps/2021-04-23_11-25-20_S2223314_DxO_res_depth_res.tiff	0.8994735154160424	-0.011438698305245201	0.08321073203429695	0.42882691767250875	498527.117	4379061.124	203.067
216	2021-04-23_11-25-22_S2223314_DxO_res.jpg	../depth_maps/2021-04-23_11-25-22_S2223314_DxO_res_depth_res.tiff	0.9100770770697456	0.029925498159074547	0.057883050778586694	0.4092844130732115	498534.976	4379054.935	203.082
217	2021-04-23_11-25-24_S2223314_DxO_res.jpg	../depth_maps/2021-04-23_11-25-24_S2223314_DxO_res_depth_res.tiff	0.9126303086037156	0.009678123493431636	0.05301848733913145	0.4052175881471621	498542.984	4379047.864	203.093
218	2021-04-23_11-25-26_S2223314_DxO_res.jpg	../depth_maps/2021-04-23_11-25-26_S2223314_DxO_res_depth_res.tiff	0.9137185434176966	0.005494943117107385	0.047255316259884377	0.40355317381970945	498551.407	4379040.405	203.003
219	2021-04-23_11-25-28_S2223314_DxO_res.jpg	../depth_maps/2021-04-23_11-25-28_S2223314_DxO_res_depth_res.tiff	0.9137113481863732	0.0001204949632691403	0.04745152647268515	0.4035838330654686	498559.969	4379032.674	202.985
220	2021-04-23_11-25-30_S2223314_DxO_res.jpg	../depth_maps/2021-04-23_11-25-30_S2223314_DxO_res_depth_res.tiff	0.9159047547545004	-0.0029806219574343325	0.07223693601829126	0.39483087668713923	498568.256	4379025.298	202.927
221	2021-04-23_11-25-32_S2223314_DxO_res.jpg	../depth_maps/2021-04-23_11-25-32_S2223314_DxO_res_depth_res.tiff	0.912135064944091	0.0061036569872578335	0.05349622165642945	0.40633794179144395	498577.151	4379017.588	202.75
222	2021-04-23_11-25-34_S2223314_DxO_res.jpg	../depth_maps/2021-04-23_11-25-34_S2223314_DxO_res_depth_res.tiff	0.9110666881109604	-0.006077700125230703	0.05934842267867933	0.4079194970840039	498585.953	4379009.84	202.772
223	2021-04-23_11-25-36_S2223314_DxO_res.jpg	../depth_maps/2021-04-23_11-25-36_S2223314_DxO_res_depth_res.tiff	0.9146128070591788	0.006196229450674506	0.04903408283311102	0.4012987398742234	498595.037	4379002.135	202.918
224	2021-04-23_11-25-38_S2223314_DxO_res.jpg	../depth_maps/2021-04-23_11-25-38_S2223314_DxO_res_depth_res.tiff	0.9165782152506188	0.00990977245304489	0.0594574833029222	0.3952859463947612	498603.909	4378994.364	203.29
225	2021-04-23_11-25-40_S2223314_DxO_res.jpg	../depth_maps/2021-04-23_11-25-40_S2223314_DxO_res_depth_res.tiff	0.9161675898399283	0.006014722699305811	0.05675149834130828	0.3967115297968583	498612.857	4378986.418	203.719
226	2021-04-23_11-25-42_S2223314_DxO_res.jpg	../depth_maps/2021-04-23_11-25-42_S2223314_DxO_res_depth_res.tiff	0.9163486677592584	0.004996011449663728	0.04996832650120036	0.39721949261346257	498621.887	4378978.365	204.081
227	2021-04-23_11-25-44_S2223314_DxO_res.jpg	../depth_maps/2021-04-23_11-25-44_S2223314_DxO_res_depth_res.tiff	0.9166555683589919	0.0029695257062004494	0.05109987970196083	0.3963868731529574	498630.803	4378970.549	204.385
228	2021-04-23_11-25-46_S2223314_DxO_res.jpg	../depth_maps/2021-04-23_11-25-46_S2223314_DxO_res_depth_res.tiff	0.9196554052396445	0.01638825247415466	0.04095956708323105	0.39024053436144074	498639.821	4378962.837	204.626
229	2021-04-23_11-25-48_S2223314_DxO_res.jpg	../depth_maps/2021-04-23_11-25-48_S2223314_DxO_res_depth_res.tiff	0.919400823755325	-0.005575504324704161	0.04359043270340149	0.39085919869728714	498648.748	4378954.713	204.903
230	2021-04-23_11-25-50_S2223314_DxO_res.jpg	../depth_maps/2021-04-23_11-25-50_S2223314_DxO_res_depth_res.tiff	0.9202309976996668	0.014887775822565468	0.03381172378544671	0.389628069238331	498657.877	4378946.915	205.174
231	2021-04-23_11-25-52_S2223314_DxO_res.jpg	../depth_maps/2021-04-23_11-25-52_S2223314_DxO_res_depth_res.tiff	0.9198831162612875	0.004898592514276271	0.04266962009937197	0.3898337590940235	498666.828	4378939.056	205.225
232	2021-04-23_11-25-54_S2223314_DxO_res.jpg	../depth_maps/2021-04-23_11-25-54_S2223314_DxO_res_depth_res.tiff	0.9168653627917938	-0.009176056386245643	0.05334777753500883	0.395509445062876	498675.642	4378931.14	205.142
233	2021-04-23_11-25-56_S2223314_DxO_res.jpg	../depth_maps/2021-04-23_11-25-56_S2223314_DxO_res_depth_res.tiff	0.9221757928539324	0.019766209249737675	0.04668222894270991	0.3834343145143082	498684.665	4378923.43	205.174
234	2021-04-23_11-25-58_S2223314_DxO_res.jpg	../depth_maps/2021-04-23_11-25-58_S2223314_DxO_res_depth_res.tiff	0.9187059235358314	0.0013359442090025396	0.05208030582348498	0.3914911021448352	498693.467	4378915.392	205.162
235	2021-04-23_11-26-00_S2223314_DxO_res.jpg	../depth_maps/2021-04-23_11-26-00_S2223314_DxO_res_depth_res.tiff	0.9220605917856298	0.012867870674836381	0.05332481608194822	0.3831385480084928	498702.465	4378907.468	205.209
236	2021-04-23_11-26-02_S2223314_DxO_res.jpg	../depth_maps/2021-04-23_11-26-02_S2223314_DxO_res_depth_res.tiff	0.9221443847511799	0.005318876404298147	0.050101006643999954	0.38355095145094026	498711.326	4378899.605	205.27
237	2021-04-23_11-26-04_S2223314_DxO_res.jpg	../depth_maps/2021-04-23_11-26-04_S2223314_DxO_res_depth_res.tiff	0.9188607048377136	0.0012275507298754075	0.0518925328577678	0.3911529921372854	498720.216	4378891.541	205.268
238	2021-04-23_11-26-06_S2223314_DxO_res.jpg	../depth_maps/2021-04-23_11-26-06_S2223314_DxO_res_depth_res.tiff	0.9194498570107975	0.0057034537162774755	0.0513356409127587	0.38980005519574606	498729.232	4378883.744	205.28
239	2021-04-23_11-26-08_S2223314_DxO_res.jpg	../depth_maps/2021-04-23_11-26-08_S2223314_DxO_res_depth_res.tiff	0.9210423206392815	0.005447917526998105	0.05660138847696185	0.3852890429385531	498738.13	4378875.755	205.916
240	2021-04-23_11-26-10_S2223314_DxO_res.jpg	../depth_maps/2021-04-23_11-26-10_S2223314_DxO_res_depth_res.tiff	0.9208215359946742	0.011889714132335718	0.05898062218840527	0.38531496175535235	498747.09	4378868.055	207.064
241	2021-04-23_11-26-12_S2223314_DxO_res.jpg	../depth_maps/2021-04-23_11-26-12_S2223314_DxO_res_depth_res.tiff	0.9214985163294456	0.012563529424345115	0.054181499055386176	0.38437872897852327	498755.958	4378860.15	208.308
242	2021-04-23_11-26-14_S2223314_DxO_res.jpg	../depth_maps/2021-04-23_11-26-14_S2223314_DxO_res_depth_res.tiff	0.9199379546720831	0.002223397916320185	0.06084231964776351	0.3873079242609546	498764.729	4378852.076	209.518
243	2021-04-23_11-26-16_S2223314_DxO_res.jpg	../depth_maps/2021-04-23_11-26-16_S2223314_DxO_res_depth_res.tiff	0.920652843795203	0.00947901305912634	0.05422052379882579	0.3864823725892443	498773.772	4378844.194	210.756
244	2021-04-23_11-32-41_S2223314_DxO_res.jpg	../depth_maps/2021-04-23_11-32-41_S2223314_DxO_res_depth_res.tiff	0.367818474648109	-0.01333553742616992	0.02502738627098034	0.9294650951410369	498806.337	4378848.397	215.818
245	2021-04-23_11-32-43_S2223314_DxO_res.jpg	../depth_maps/2021-04-23_11-32-43_S2223314_DxO_res_depth_res.tiff	0.11059987257539987	0.06544837225552179	0.008093531792250076	0.9916746812834015	498810.128	4378854.295	215.959
246	2021-04-23_11-32-45_S2223314_DxO_res.jpg	../depth_maps/2021-04-23_11-32-45_S2223314_DxO_res_depth_res.tiff	0.2600739074177323	-0.021969038013277688	-0.0005720329386491021	-0.9653385918047414	498807.825	4378859.575	215.961
247	2021-04-23_11-32-47_S2223314_DxO_res.jpg	../depth_maps/2021-04-23_11-32-47_S2223314_DxO_res_depth_res.tiff	0.37452795545607004	-0.011133991451571295	0.004658834413433636	-0.9271370664999651	498802.36	4378865.502	215.929
248	2021-04-23_11-32-49_S2223314_DxO_res.jpg	../depth_maps/2021-04-23_11-32-49_S2223314_DxO_res_depth_res.tiff	0.39036684084218737	-0.0015752215649227192	0.005436339544392129	-0.9206420012471024	498795.331	4378871.915	215.887
249	2021-04-23_11-32-51_S2223314_DxO_res.jpg	../depth_maps/2021-04-23_11-32-51_S2223314_DxO_res_depth_res.tiff	0.3955413347869957	-0.0009253850672469883	0.008171711234523364	-0.9184113562412536	498787.761	4378878.649	215.762
250	2021-04-23_11-32-53_S2223314_DxO_res.jpg	../depth_maps/2021-04-23_11-32-53_S2223314_DxO_res_depth_res.tiff	0.3982700451330733	-0.0005418077846053877	0.009639781346335983	-0.9172173963731931	498779.704	4378885.774	215.539
251	2021-04-23_11-32-55_S2223314_DxO_res.jpg	../depth_maps/2021-04-23_11-32-55_S2223314_DxO_res_depth_res.tiff	0.4000767165967084	0.0012337304686317026	0.005527966982155638	-0.9164641511414247	498771.382	4378893.263	215.305
252	2021-04-23_11-32-57_S2223314_DxO_res.jpg	../depth_maps/2021-04-23_11-32-57_S2223314_DxO_res_depth_res.tiff	0.4012403957638151	0.0009081195668585876	0.003951414048194569	-0.9159638128513425	498762.851	4378900.84	215.151
253	2021-04-23_11-32-59_S2223314_DxO_res.jpg	../depth_maps/2021-04-23_11-32-59_S2223314_DxO_res_depth_res.tiff	0.40032627272512744	0.0003430759005983658	0.002397306293321782	-0.9163694727496489	498754.225	4378908.623	214.974
254	2021-04-23_11-33-01_S2223314_DxO_res.jpg	../depth_maps/2021-04-23_11-33-01_S2223314_DxO_res_depth_res.tiff	0.40300709936652507	0.0009632968814173553	0.00443849660898858	-0.9151855820909494	498745.458	4378916.315	214.783
255	2021-04-23_11-33-03_S2223314_DxO_res.jpg	../depth_maps/2021-04-23_11-33-03_S2223314_DxO_res_depth_res.tiff	0.4022232866679213	0.0020183740649089795	0.0034983768044574808	-0.9155326947673269	498736.6	4378924.008	214.67
256	2021-04-23_11-33-05_S2223314_DxO_res.jpg	../depth_maps/2021-04-23_11-33-05_S2223314_DxO_res_depth_res.tiff	0.39852776812459323	-4.3877907836895394e-05	0.004633690242682258	-0.9171445605917831	498727.704	4378931.772	214.482
257	2021-04-23_11-33-07_S2223314_DxO_res.jpg	../depth_maps/2021-04-23_11-33-07_S2223314_DxO_res_depth_res.tiff	0.39599999401338226	0.004530271588918268	0.00020511551991857094	-0.9182393148348393	498718.857	4378939.627	214.21
258	2021-04-23_11-33-09_S2223314_DxO_res.jpg	../depth_maps/2021-04-23_11-33-09_S2223314_DxO_res_depth_res.tiff	0.3919567949470367	0.0022395933271780687	-0.0002694664656871814	-0.9199808598576381	498709.957	4378947.494	213.824
259	2021-04-23_11-33-11_S2223314_DxO_res.jpg	../depth_maps/2021-04-23_11-33-11_S2223314_DxO_res_depth_res.tiff	0.39253559019443807	0.0030647501447291035	0.00426826207067108	-0.9197218055891416	498701.067	4378955.405	213.42
260	2021-04-23_11-33-13_S2223314_DxO_res.jpg	../depth_maps/2021-04-23_11-33-13_S2223314_DxO_res_depth_res.tiff	0.39796629911957204	0.0030366310192996766	-0.0007944347283896308	-0.9173946656213923	498692.1	4378963.335	213.075
261	2021-04-23_11-33-15_S2223314_DxO_res.jpg	../depth_maps/2021-04-23_11-33-15_S2223314_DxO_res_depth_res.tiff	0.39701877625974014	0.0034634350340568987	0.0021922749271188614	-0.9178013346283754	498683.1	4378971.261	212.703
262	2021-04-23_11-33-17_S2223314_DxO_res.jpg	../depth_maps/2021-04-23_11-33-17_S2223314_DxO_res_depth_res.tiff	0.39828993896494025	0.003967550587554052	-0.001074226166174629	-0.9172503633685751	498674.176	4378979.218	212.217
263	2021-04-23_11-33-19_S2223314_DxO_res.jpg	../depth_maps/2021-04-23_11-33-19_S2223314_DxO_res_depth_res.tiff	0.40481327640289155	-0.0013173627748240661	0.0056487148113751485	-0.914380975209051	498665.383	4378987.008	211.592
264	2021-04-23_11-33-21_S2223314_DxO_res.jpg	../depth_maps/2021-04-23_11-33-21_S2223314_DxO_res_depth_res.tiff	0.39014675725844494	0.00016518642733741925	0.011196444678650384	-0.9206845931917848	498656.471	4378994.874	210.979
265	2021-04-23_11-33-23_S2223314_DxO_res.jpg	../depth_maps/2021-04-23_11-33-23_S2223314_DxO_res_depth_res.tiff	0.3981708530053104	-0.004906309924080211	-0.00975867391077695	-0.9172462418693552	498647.803	4379002.937	210.362
266	2021-04-23_11-33-25_S2223314_DxO_res.jpg	../depth_maps/2021-04-23_11-33-25_S2223314_DxO_res_depth_res.tiff	0.40621166167954154	-0.005650605657163347	0.010475809782646835	-0.9137014906306384	498638.737	4379010.65	209.752
267	2021-04-23_11-33-27_S2223314_DxO_res.jpg	../depth_maps/2021-04-23_11-33-27_S2223314_DxO_res_depth_res.tiff	0.3983315215357181	0.0004029358672583633	-0.00802596196265118	-0.9172063129570689	498629.665	4379018.584	209.19
268	2021-04-23_11-33-29_S2223314_DxO_res.jpg	../depth_maps/2021-04-23_11-33-29_S2223314_DxO_res_depth_res.tiff	0.39685374919969924	-0.004165930318897876	0.010206401896123155	-0.9178156547646457	498620.798	4379026.361	208.644
269	2021-04-23_11-33-31_S2223314_DxO_res.jpg	../depth_maps/2021-04-23_11-33-31_S2223314_DxO_res_depth_res.tiff	0.39776987643765793	-0.009500994017106605	-0.003358533368269909	-0.917429875666294	498612.025	4379034.257	208.13
270	2021-04-23_11-33-33_S2223314_DxO_res.jpg	../depth_maps/2021-04-23_11-33-33_S2223314_DxO_res_depth_res.tiff	0.40147465560126255	-0.005972394181898242	-0.0004171457820891977	-0.9158505649979041	498603.085	4379042.048	207.736
271	2021-04-23_11-33-35_S2223314_DxO_res.jpg	../depth_maps/2021-04-23_11-33-35_S2223314_DxO_res_depth_res.tiff	0.3995449784764913	-0.003483173549920576	-0.000985053574927577	-0.9167064455678796	498594.169	4379049.876	207.308
272	2021-04-23_11-33-37_S2223314_DxO_res.jpg	../depth_maps/2021-04-23_11-33-37_S2223314_DxO_res_depth_res.tiff	0.3952084102162916	-0.0007353517131628771	0.0030561322984912925	-0.9185861047324543	498585.329	4379057.678	206.798
273	2021-04-23_11-33-39_S2223314_DxO_res.jpg	../depth_maps/2021-04-23_11-33-39_S2223314_DxO_res_depth_res.tiff	0.402231511294578	-0.022557607828061304	0.028763015732619728	-0.9148079878186025	498576.676	4379065.201	206.091
274	2021-04-23_11-33-41_S2223314_DxO_res.jpg	../depth_maps/2021-04-23_11-33-41_S2223314_DxO_res_depth_res.tiff	0.38721440538775287	0.001702304626758619	0.00935615335767871	-0.9219406536288084	498567.535	4379073.301	205.376
275	2021-04-23_11-33-43_S2223314_DxO_res.jpg	../depth_maps/2021-04-23_11-33-43_S2223314_DxO_res_depth_res.tiff	0.39454726264525514	-0.006169357372248922	0.004967392206520871	-0.9188415105900561	498558.808	4379081.369	204.556
276	2021-04-23_11-33-45_S2223314_DxO_res.jpg	../depth_maps/2021-04-23_11-33-45_S2223314_DxO_res_depth_res.tiff	0.3994710927125377	-0.014119864535225912	-0.014517390828870692	-0.9165220787717443	498550.308	4379089.418	203.687
